ean,brand,model,variant,gender,type,description,shape,frame_thickness,pattern,pattern_2,clip,progression,material,material_2,material_extra,color,color_2,color_extra,lens_color_type,lens_color,polarization,dimension_L,dimension_M,dimension_R
716736226019,Carrera,CARRERA 1115,WR7,moška,okvirji,,oglata,normalna,sijaj,,0,1,acetat,,,črna,,,,,0,57,16,145
716736412023,Carrera,CARRERA 1128,807,moška,okvirji,,oglata,normalna,sijaj,,0,1,acetat,,,črna,,,,,0,52,20,145
716736412078,Carrera,CARRERA 1128,PJP,moška,okvirji,,oglata,normalna,sijaj,,0,1,acetat,,,modra,,,,,0,65,13,145
716736413204,Carrera,CARRERA 2035T,2M2,otroška,okvirji,,okrogla,tanka,sijaj,,0,0,monel,,,črna,,,,,0,56,21,145
716736413228,Carrera,CARRERA 2035T,807,otroška,okvirji,,okrogla,tanka,sijaj,,0,0,monel,,,črna,,,,,0,58,17,145
716736413259,Carrera,CARRERA 2035T,PJP,otroška,okvirji,,okrogla,tanka,sijaj,,0,0,monel,,,modra,,,,,0,58,16,140
716736414645,Carrera,CARRERA 264,09Q,moška,okvirji,,oglata,tanka,sijaj,,0,1,monel,,,rjava,,,,,0,55,19,140
716736414652,Carrera,CARRERA 264,R80,moška,okvirji,,oglata,tanka,mat,,0,1,monel,,,siva,,,,,0,55,19,140
716736413075,Carrera,CARRERA 270,807,moška,okvirji,,oglata,normalna,sijaj,,0,1,acetat,,,črna,,,,,0,53,21,150
716736413099,Carrera,CARRERA 270,KB7,moška,okvirji,,oglata,normalna,sijaj,,0,1,acetat,,,prozorna,,,,,0,57,18,145
716736085890,Carrera,CARRERA 8832,PJP,moška,okvirji,,oglata,tanka,sijaj,,0,1,titan,,,modra,,,,,0,51,19,150
716736299020,Carrera,CARRERA 8854,09Q,moška,okvirji,,oglata,tanka,sijaj,,0,1,monel,,,rjava,,,,,0,56,16,140
716736361901,Carrera,CARRERA 8858,003,moška,okvirji,,oglata,tanka,mat,,0,1,titan,,,črna,,,,,0,55,15,140
716736412306,Carrera,CARRERA 8863,807,moška,okvirji,,oglata,tanka,sijaj,,0,1,monel,,,črna,,,,,0,56,18,145
716736412290,Carrera,CARRERA 8863,09Q,moška,okvirji,,oglata,tanka,sijaj,,0,1,monel,,,rjava,,,,,0,56,18,145
716736412184,Carrera,CARRERA 8864,003,moška,okvirji,,oglata,normalna,mat,,0,1,monel,,,črna,,,,,0,56,16,145
716736412191,Carrera,CARRERA 8864,003,moška,okvirji,,oglata,tanka,mat,,0,1,monel,,,črna,,,,,0,56,16,145
716736412221,Carrera,CARRERA 8864,807,moška,okvirji,,oglata,tanka,sijaj,,0,1,monel,,,črna,,,,,0,58,18,145
716736412214,Carrera,CARRERA 8864,09Q,moška,okvirji,,oglata,tanka,sijaj,,0,1,monel,,,rjava,,,,,0,58,18,145
716736412375,Carrera,CARRERA 8865,807,moška,okvirji,,oglata,normalna,sijaj,,0,1,acetat,,,črna,,,,,0,51,23,145
716736412405,Carrera,CARRERA 8865,PJP,moška,okvirji,,oglata,normalna,sijaj,,0,1,acetat,,,modra,,,,,0,53,19,145
716736325187,David Beckham,DB 1024,284,moška,okvirji,,okrogla,normalna,sijaj,,0,1,acetat,,,črna,,,,,0,56,17,145
716736366661,David Beckham,DB 1050,EX4,moška,okvirji,,oglata,normalna,sijaj,vzorec,0,1,acetat,,,rjava,,,,,0,54,20,140
716736325149,David Beckham,DB 7022,33Z,moška,okvirji,,oglata,normalna,sijaj,,0,1,acetat,,,siva,,,,,0,56,17,145
716736162065,Dior,DIORESSENCE17F,807,ženska,okvirji,,okrogla,normalna,sijaj,,0,1,acetat,,,črna,,,,,0,55,18,145
716736007717,Dior,MONTAIGNE33,JBW,ženska,okvirji,,mačja,normalna,sijaj,vzorec,0,1,acetat,,,črna,modra,,,,0,52,17,140
716736160863,Fendi,FF 0353,DDB,ženska,okvirji,,okrogla,tanka,sijaj,,0,1,monel,,,zlata,,,,,0,55,18,145
716736367750,Hugo Boss,BOSS 1244,05N,moška,okvirji,,oglata,tanka,mat,,0,1,monel,,,rjava,,,,,0,62,16,145
716736398204,Hugo Boss,BOSS 1251,RIW,moška,okvirji,,oglata,normalna,mat,,0,1,acetat,,,siva,,,,,0,51,20,145
716736362236,Hugo Boss,BOSS 1252,003,moška,okvirji,,okrogla,tanka,mat,,0,1,titan,,,črna,,,,,0,54,15,145
716736362250,Hugo Boss,BOSS 1252,7BL,moška,okvirji,,okrogla,tanka,mat,,0,1,titan,,,rdeča,,,,,0,52,17,135
716736362373,Hugo Boss,BOSS 1253,FLL,moška,okvirji,,oglata,tanka,mat,,0,1,titan,,,modra,,,,,0,53,17,145
716736356778,Hugo Boss,BOSS 1270,2M2,ženska,okvirji,,okrogla,normalna,sijaj,,0,1,acetat,,,črna,,,,,0,53,20,145
716736423906,Hugo Boss,BOSS 1315,4HU,moška,okvirji,,oglata,normalna,sijaj,vzorec,0,1,acetat,,,havana,,,,,0,64,11,135
716736423937,Hugo Boss,BOSS 1316,284,moška,okvirji,,okrogla,normalna,sijaj,,0,1,acetat,,,črna,,,,,0,64,11,135
716736415505,Hugo Boss,BOSS 1319/BB,807,moška,okvirji,,okrogla,normalna,sijaj,,0,1,acetat,,,črna,,,,,0,60,15,140
716736415512,Hugo Boss,BOSS 1320/BB,807,moška,okvirji,,oglata,normalna,sijaj,,0,1,acetat,,,črna,,,,,0,59,16,145
716736416090,Hugo Boss,BOSS 1320,284,moška,okvirji,,oglata,normalna,sijaj,,0,1,acetat,,,črna,,,,,0,54,18,145
716736416113,Hugo Boss,BOSS 1320,PZH,moška,okvirji,,oglata,normalna,sijaj,vzorec,0,1,acetat,,,siva,,,,,0,55,18,145
716736415123,Hugo Boss,BOSS 1330,FS2,ženska,okvirji,,oglata,normalna,sijaj,,0,1,acetat,,,prozorna,,,,,0,51,20,140
716736135083,Hugo Boss,HG 1030,BLX,moška,okvirji,,okrogla,tanka,mat,,0,1,monel,,,črna,,,,,0,52,18,145
716736233192,Hugo Boss,HG 1074,UYY,moška,okvirji,,oglata,normalna,sijaj,,0,1,acetat,,,črna,,,,,0,51,18,140
716736233161,Hugo Boss,HG 1074,5RK,moška,okvirji,,oglata,normalna,sijaj,,0,1,acetat,,,siva,,,,,0,55,17,145
716736239453,Hugo Boss,HG 1075,003,moška,okvirji,,oglata,normalna,mat,,0,1,monel,,,črna,,,,,0,56,16,145
716736297132,Hugo Boss,HG 1102,003,moška,okvirji,,oglata,normalna,mat,,0,1,acetat,,,črna,,,,,0,56,15,140
716736297194,Hugo Boss,HG 1102,OIT,moška,okvirji,,oglata,normalna,mat,,0,1,acetat,,,črna,,,,,0,56,15,140
716736297323,Hugo Boss,HG 1104,003,moška,okvirji,,oglata,tanka,mat,,0,1,monel,,,črna,,,,,0,55,17,140
716736301600,Hugo Boss,HG 1107,EX4,ženska,okvirji,,okrogla,normalna,sijaj,vzorec,0,1,acetat,,,rjava,,,,,0,53,15,145
716736368375,Hugo Boss,HG 1125,08A,moška,okvirji,,oglata,normalna,sijaj,,0,1,acetat,,,črna,,,,,0,58,16,140
716736368573,Hugo Boss,HG 1126,08A,moška,okvirji,,okrogla,normalna,sijaj,,0,1,acetat,,,črna,,,,,0,58,13,150
716736368597,Hugo Boss,HG 1126,3LG,moška,okvirji,,okrogla,normalna,sijaj,,0,1,acetat,,,rjava,,,,,0,50,22,150
716736371764,Hugo Boss,HG 1130,003,moška,okvirji,,oglata,normalna,mat,,0,1,acetat,,,črna,,,,,0,55,17,145
716736393896,Hugo Boss,HG 1137,HT8,ženska,okvirji,,mačja,normalna,sijaj,vzorec,0,1,acetat,,,roza,,,,,0,50,22,145
716736402529,Hugo Boss,HG 1141,ANS,moška,okvirji,,okrogla,normalna,sijaj,,0,1,acetat,,,črna,,,,,0,54,20,140
716736368696,Hugo Boss,HG 1141,086,moška,okvirji,,okrogla,normalna,sijaj,vzorec,0,1,acetat,,,havana,,,,,0,58,15,145
716736368719,Hugo Boss,HG 1141,CBL,moška,okvirji,,okrogla,normalna,sijaj,,0,1,acetat,,,siva,prozorna,,,,0,52,22,145
716736402512,Hugo Boss,HG 1142,RZZ,moška,okvirji,,oglata,tanka,mat,,0,1,monel,,,črna,,,,,0,53,19,145
716736418261,Hugo Boss,HG 1153,003,moška,okvirji,,oglata,normalna,mat,,0,1,acetat,,,črna,,,,,0,63,13,145
716736418278,Hugo Boss,HG 1153,FLL,moška,okvirji,,oglata,normalna,mat,,0,1,acetat,,,modra,,,,,0,63,13,145
716736418285,Hugo Boss,HG 1153,FLL,moška,okvirji,,oglata,normalna,mat,,0,1,acetat,,,modra,,,,,0,58,17,145
716736418230,Hugo Boss,HG 1155,RZZ,moška,okvirji,,oglata,tanka,mat,,0,1,monel,,,črna,,,,,0,53,18,140
716736418223,Hugo Boss,HG 1155,KU0,moška,okvirji,,oglata,tanka,mat,,0,1,monel,,,modra,,,,,0,53,18,140
716736418339,Hugo Boss,HG 1156,003,moška,okvirji,,okrogla,tanka,mat,,0,1,monel,,,črna,,,,,0,58,17,145
716736429656,Hugo Boss,HG 1163,807,moška,okvirji,,oglata,normalna,sijaj,,0,1,najlon,,,črna,,,,,0,56,17,145
716736429670,Hugo Boss,HG 1163,OIT,moška,okvirji,,oglata,normalna,sijaj,,0,1,najlon,,,črna,,,,,0,56,17,145
716736429687,Hugo Boss,HG 1164,807,moška,okvirji,,okrogla,normalna,sijaj,,0,1,najlon,,,črna,,,,,0,56,18,145
716736429717,Hugo Boss,HG 1164,PJP,moška,okvirji,,okrogla,normalna,sijaj,,0,1,najlon,,,modra,,,,,0,50,22,145
716736287287,Jimmy Choo,JC287,086,ženska,okvirji,,mačja,normalna,sijaj,vzorec,0,1,acetat,,,havana,,,,,0,54,17,145
716736349176,Jimmy Choo,JC292,807,ženska,okvirji,,oglata,normalna,sijaj,,0,1,acetat,,,črna,,,,,0,54,16,145
716736349244,Jimmy Choo,JC293,807,ženska,okvirji,,mačja,normalna,sijaj,,0,1,acetat,,,črna,,,,,0,53,20,140
716736349879,Jimmy Choo,JC297,807,ženska,okvirji,,oglata,normalna,sijaj,,0,1,acetat,,,črna,,,,,0,53,18,145
716736349909,Jimmy Choo,JC297,JBW,ženska,okvirji,,oglata,normalna,sijaj,vzorec,0,1,acetat,,,modra,,,,,0,55,16,145
716736349893,Jimmy Choo,JC297,FWM,ženska,okvirji,,oglata,normalna,sijaj,,0,1,acetat,,,prozorna,roza,,,,0,53,18,145
716736351933,Jimmy Choo,JC309,DXF,ženska,okvirji,,mačja,normalna,mat,vzorec,0,1,acetat,,,črna,,,,,0,51,18,145
716736409399,Jimmy Choo,JC313,LDG,ženska,okvirji,,oglata,normalna,sijaj,vzorec,0,1,acetat,,,havana,,,,,0,58,17,140
716736409368,Jimmy Choo,JC313,22C,ženska,okvirji,,oglata,normalna,sijaj,,0,1,acetat,,,rjava,,,,,0,55,19,145
716736410357,Jimmy Choo,JC314,LY9,ženska,okvirji,,mačja,normalna,sijaj,,0,1,acetat,,,črna,,,,,0,54,16,140
716736409184,Jimmy Choo,JC319,6K3,ženska,okvirji,,oglata,tanka,sijaj,vzorec,0,1,monel,,,bordo,,,,,0,54,20,140
716736127811,Marc Jacobs,MARC 379,086,ženska,okvirji,,mačja,normalna,sijaj,vzorec,0,1,acetat,,,havana,,,,,0,56,18,145
716736251530,Marc Jacobs,MARC 462,CVT,ženska,okvirji,,mačja,normalna,sijaj,vzorec,0,1,acetat,,,črna,,,,,0,51,20,145
716736011400,Max&Co,MAX&CO.365,807,ženska,okvirji,,okrogla,normalna,sijaj,,0,1,acetat,,,črna,,,,,0,53,16,140
716736071206,Max&Co,MAX&CO.393/G,I46,ženska,okvirji,,aviator,normalna,mat,,0,1,monel,,,črna,,,,,0,52,19,145
716736071183,Max&Co,MAX&CO.393/G,F2G,ženska,okvirji,,aviator,normalna,mat,,0,1,monel,,,modra,,,,,0,48,19,140
716736071275,Max&Co,MAX&CO.395,8CQ,ženska,okvirji,,mačja,normalna,sijaj,,0,1,acetat,,,roza,,,,,0,52,20,145
716736119960,Max&Co,MAX&CO.399/G,PJP,ženska,okvirji,,okrogla,normalna,sijaj,,0,1,acetat,,,modra,,,,,0,54,18,145
716736254524,Missoni,MIS 0024,807,ženska,okvirji,,okrogla,tanka,sijaj,,0,1,monel,,,črna,,,,,0,49,21,145
716736380568,Missoni,MIS 0043,KDX,ženska,okvirji,,mačja,normalna,sijaj,vzorec,0,1,monel,,,črna,,,,,0,54,19,140
716736383019,Missoni,MIS 0051,YQL,ženska,okvirji,,mačja,normalna,sijaj,,0,1,acetat,,,prozorna,siva,,,,0,56,17,140
716736380902,Missoni,MIS 0058,LHF,ženska,okvirji,,oglata,normalna,sijaj,,0,1,acetat,,,bordo,,,,,0,99,1,125
716736380919,Missoni,MIS 0058,LHF,ženska,okvirji,,oglata,normalna,sijaj,,0,1,acetat,,,bordo,,,,,0,55,17,145
716736427461,Missoni,MIS 0071,807,ženska,okvirji,,oglata,normalna,sijaj,,0,1,acetat,,,črna,,,,,0,55,17,145
716736427478,Missoni,MIS 0071,FWM,ženska,okvirji,,oglata,normalna,sijaj,,0,1,acetat,,,prozorna,rose gold,,,,0,55,19,145
716736427553,Missoni,MIS 0072,I2G,ženska,okvirji,,mačja,normalna,sijaj,vzorec,0,1,acetat,,,havana,modra,,,,0,59,14,140
716736427546,Missoni,MIS 0072,FWM,ženska,okvirji,,mačja,normalna,sijaj,,0,1,acetat,,,prozorna,roza,,,,0,53,20,145
716736426648,Missoni,MIS 0076,DDB,ženska,okvirji,,oglata,tanka,sijaj,,0,1,monel,,,zlata,,,,,0,57,18,145
716736252155,Missoni,MMI 0015,807,ženska,okvirji,,oglata,normalna,sijaj,,0,1,acetat,,,črna,,,,,0,51,20,145
716736373300,Missoni,MMI 0015,05L,ženska,okvirji,,oglata,normalna,sijaj,vzorec,0,1,acetat,,,havana,,,,,0,50,21,140
716736305424,Missoni,MMI 0046,2M2,ženska,okvirji,,oglata,normalna,sijaj,,0,1,monel,,,črna,,,,,0,53,15,140
716736359304,Missoni,MMI 0068,08A,ženska,okvirji,,okrogla,normalna,sijaj,,0,1,acetat,,,črna,,,,,0,53,19,145
716736424255,Missoni,MMI 0076,LHF,ženska,okvirji,,mačja,normalna,sijaj,,0,1,acetat,,,bordo,,,,,0,59,16,145
716736422411,Missoni,MMI 0082,J5G,ženska,okvirji,,oglata,tanka,sijaj,,0,1,monel,,,zlata,,,,,0,55,18,145
716736425672,Missoni,MMI 0083,TMA,ženska,okvirji,,oglata,tanka,sijaj,,0,1,monel,,,srebrna,,,,,0,56,18,145
716736422381,Missoni,MMI 0083,J5G,ženska,okvirji,,oglata,tanka,sijaj,,0,1,monel,,,zlata,,,,,0,55,18,145
716736422510,Missoni,MMI 0084,J5G,ženska,okvirji,,oglata,tanka,sijaj,,0,1,monel,,,zlata,,,,,0,55,18,145
716736048888,Moschino,MOL513,086,ženska,okvirji,,oglata,normalna,sijaj,vzorec,0,1,acetat,,,havana,,,,,0,52,18,140
716736049083,Moschino,MOL517,086,ženska,okvirji,,oglata,normalna,sijaj,vzorec,0,1,acetat,,,havana,,,,,0,52,18,140
716736327983,Moschino,MOL544/TN,086,otroška,okvirji,,mačja,normalna,sijaj,vzorec,0,0,acetat,,,havana,,,,,0,55,18,145
716736328034,Moschino,MOL545/TN,8CQ,otroška,okvirji,,mačja,normalna,sijaj,,0,0,acetat,,,rdeča,,,,,0,53,17,145
716736204062,Moschino,MOL546,086,ženska,okvirji,,oglata,normalna,sijaj,vzorec,0,1,acetat,,,havana,,,,,0,56,18,145
716736328089,Moschino,MOL546/TN,ZI9,otroška,okvirji,,oglata,normalna,sijaj,,0,0,acetat,,,modra,,,,,0,49,17,140
716736328126,Moschino,MOL558/TN,FWM,otroška,okvirji,,okrogla,normalna,sijaj,,0,0,acetat,,,prozorna,roza,,,,0,49,17,140
716736310862,Moschino,MOL565,807,ženska,okvirji,,okrogla,normalna,sijaj,,0,1,acetat,,,črna,,,,,0,55,16,145
716736328171,Moschino,MOL565/TN,086,otroška,okvirji,,okrogla,normalna,sijaj,vzorec,0,0,acetat,,,havana,,,,,0,55,16,140
716736328140,Moschino,MOL566/TN,807,otroška,okvirji,,oglata,normalna,sijaj,,0,0,acetat,,,črna,,,,,0,55,16,140
716736310329,Moschino,MOL571,807,ženska,okvirji,,okrogla,normalna,sijaj,,0,1,acetat,,,črna,,,,,0,53,15,140
716736310336,Moschino,MOL575,086,ženska,okvirji,,mačja,normalna,sijaj,vzorec,0,1,acetat,,,havana,,,,,0,50,18,145
716736365640,Moschino,MOL578,807,ženska,okvirji,,okrogla,normalna,sijaj,,0,1,acetat,,,črna,,,,,0,60,17,145
716736365695,Moschino,MOL579,807,ženska,okvirji,,mačja,normalna,sijaj,,0,1,acetat,,,črna,,,,,0,53,19,140
716736365688,Moschino,MOL579,7HH,ženska,okvirji,,mačja,normalna,sijaj,,0,1,acetat,,,prozorna,siva,,,,0,63,16,145
716736423494,Moschino,MOL584,807,ženska,okvirji,,okrogla,normalna,sijaj,,0,1,acetat,,,črna,,,,,0,51,19,145
716736423500,Moschino,MOL584,C9A,ženska,okvirji,,okrogla,normalna,sijaj,,0,1,acetat,,,rdeča,,,,,0,65,12,140
716736423548,Moschino,MOL585,807,ženska,okvirji,,oglata,normalna,sijaj,,0,1,acetat,,,črna,,,,,0,65,12,140
716736423791,Moschino,MOL591,807,ženska,okvirji,,mačja,normalna,sijaj,,0,1,acetat,,,črna,,,,,0,64,11,135
716736343754,Moschino,MOS582,W2M,ženska,okvirji,,mačja,normalna,sijaj,vzorec,0,1,acetat,,,črna,,,,,0,58,18,145
716736343877,Moschino,MOS589,X8Q,ženska,okvirji,,mačja,normalna,sijaj,vzorec,0,1,acetat,,,havana,,,,,0,52,19,140
716736415307,Moschino,MOS595,05L,ženska,okvirji,,mačja,normalna,sijaj,vzorec,0,1,acetat,,,havana,,,,,0,51,20,140
716736415987,Moschino,MOS599,086,ženska,okvirji,,mačja,normalna,sijaj,vzorec,0,1,acetat,,,havana,,,,,0,56,16,140
716736074849,Safilo,BURATTO 07,807,ženska,okvirji,,mačja,normalna,sijaj,,0,1,acetat,,,črna,,,,,0,54,16,145
716736218960,Safilo,BUSSOLA 06,003,moška,okvirji,,oglata,tanka,mat,,0,1,monel,,,siva,,,,,0,57,16,145
716736322087,Safilo,BUSSOLA 08,2M2,moška,okvirji,,okrogla,tanka,sijaj,,0,1,monel,,,črna,,,,,0,53,18,145
716736322094,Safilo,BUSSOLA 08,BSC,moška,okvirji,,okrogla,tanka,sijaj,,0,1,monel,,,črna,,,,,0,53,18,145
716736179285,Safilo,CALIBRO 03,003,moška,okvirji,,okrogla,normalna,mat,,0,1,acetat,,,črna,,,,,0,57,16,145
716736179377,Safilo,CALIBRO 04,003,moška,okvirji,,oglata,normalna,mat,,0,1,acetat,,,črna,,,,,0,57,16,145
716736072333,Safilo,CIGLIA 01,2M2,ženska,okvirji,,mačja,normalna,sijaj,,0,1,acetat,,,črna,,,,,0,52,20,145
716736189611,Safilo,FILO 02,R80,moška,okvirji,,oglata,tanka,mat,,0,1,monel,,,siva,,,,,0,55,16,145
716736009643,Safilo,LASTRA 03,003,moška,okvirji,,oglata,normalna,mat,,0,1,acetat,,,črna,,,,,0,52,17,140
716736179476,Safilo,LINEA 05,2M2,moška,okvirji,,okrogla,tanka,sijaj,,0,1,monel,,,zlata,,,,,0,55,16,145
716736261379,Safilo,LINEA/T 09,V81,moška,okvirji,,okrogla,tanka,sijaj,,0,1,titan,,,srebrna,,,,,0,56,15,145
716736261270,Safilo,LINEA/T 10,EYR,ženska,okvirji,,mačja,tanka,sijaj,,0,1,titan,,,rose gold,,,,,0,53,19,140
716736261287,Safilo,LINEA/T 10,QWU,ženska,okvirji,,mačja,tanka,sijaj,,0,1,titan,,,zlata,,,,,0,55,18,140
716736261317,Safilo,LINEA/T 11,EYR,ženska,okvirji,,okrogla,tanka,sijaj,,0,1,titan,,,rose gold,,,,,0,56,15,145
716736388069,Safilo,LINEA/T 13,1QA,moška,okvirji,,okrogla,normalna,sijaj,vzorec,0,1,acetat,,,prozorna,,,,,0,53,19,140
716736388908,Safilo,LINEA/T 15,B3V,ženska,okvirji,,mačja,normalna,sijaj,,0,1,acetat,,,vijolična,prozorna,,,,0,51,21,145
716736218861,Safilo,PROFILO 03,NOA,ženska,okvirji,,mačja,tanka,sijaj,,0,1,monel,,,zlata,bordo,,,,0,54,15,145
716736114361,Safilo,REGISTRO 02,BSC,moška,okvirji,,oglata,tanka,sijaj,,0,1,titan,,,črna,,,,,0,54,18,145
716736321905,Safilo,RIVETTO 02,807,moška,okvirji,,oglata,normalna,sijaj,,0,1,acetat,,,črna,,,,,0,55,17,140
716736346557,Safilo,RIVETTO 08,08A,ženska,okvirji,,mačja,normalna,sijaj,,0,1,acetat,,,črna,,,,,0,54,16,145
716736074368,Tommy Hilfiger,TH 1589,807,ženska,okvirji,,oglata,normalna,sijaj,,0,1,acetat,,,črna,,,,,0,52,19,140
716736074351,Tommy Hilfiger,TH 1589,086,ženska,okvirji,,oglata,normalna,sijaj,vzorec,0,1,acetat,,,havana,,,,,0,53,23,145
716736074375,Tommy Hilfiger,TH 1590,086,ženska,okvirji,,mačja,normalna,sijaj,vzorec,0,1,acetat,,,havana,,,,,0,56,16,145
716736224336,Tommy Hilfiger,TH 1742,0JU,moška,okvirji,,oglata,normalna,sijaj,,0,1,najlon,,,modra,,,,,0,54,15,145
716736232485,Tommy Hilfiger,TH 1750,807,ženska,okvirji,,mačja,normalna,sijaj,,0,1,acetat,,,črna,,,,,0,55,17,145
716736299778,Tommy Hilfiger,TH 1770,KB7,moška,okvirji,,oglata,normalna,sijaj,,0,1,acetat,,,siva,,,,,0,53,17,145
716736313535,Tommy Hilfiger,TH 1771,LZ6,unisex,okvirji,,okrogla,normalna,sijaj,,0,1,monel,,,bela,,,,,0,52,18,145
716736295251,Tommy Hilfiger,TH 1778,OXZ,ženska,okvirji,,mačja,tanka,mat,,0,1,monel,,,modra,,,,,0,54,17,145
716736302836,Tommy Hilfiger,TH 1782,003,moška,okvirji,,oglata,tanka,mat,,0,1,monel,,,črna,,,,,0,52,18,140
716736358598,Tommy Hilfiger,TH 1814,807,moška,okvirji,,oglata,normalna,sijaj,,0,1,acetat,,,črna,,,,,0,53,19,145
716736358574,Tommy Hilfiger,TH 1814,086,moška,okvirji,,oglata,normalna,sijaj,vzorec,0,1,acetat,,,havana,,,,,0,50,20,145
716736430492,Tommy Hilfiger,TH 1814,09Q,moška,okvirji,,oglata,normalna,sijaj,,0,1,acetat,,,rjava,,,,,0,54,18,140
716736359441,Tommy Hilfiger,TH 1815,PJP,moška,okvirji,,okrogla,normalna,sijaj,,0,1,monel,,,modra,,,,,0,55,19,145
716736363110,Tommy Hilfiger,TH 1816,003,moška,okvirji,,oglata,tanka,mat,,0,1,monel,,,črna,,,,,0,51,17,135
716736359380,Tommy Hilfiger,TH 1817,003,moška,okvirji,,oglata,normalna,mat,,0,1,acetat,,,črna,,,,,0,53,17,145
716736374796,Tommy Hilfiger,TH 1818,807,moška,okvirji,,oglata,normalna,sijaj,,0,1,acetat,,,črna,,,,,0,49,25,150
716736359601,Tommy Hilfiger,TH 1818,PJP,moška,okvirji,,oglata,normalna,sijaj,,0,1,acetat,,,modra,,,,,0,53,18,140
716736363264,Tommy Hilfiger,TH 1820,DDB,ženska,okvirji,,okrogla,tanka,sijaj,,0,1,monel,,,zlata,,,,,0,51,17,140
716736363509,Tommy Hilfiger,TH 1824,I46,ženska,okvirji,,mačja,tanka,mat,,0,1,monel,,,črna,,,,,0,49,17,130
716736374819,Tommy Hilfiger,TH 1825,086,ženska,okvirji,,mačja,normalna,sijaj,vzorec,0,1,acetat,,,havana,,,,,0,56,18,145
716736374833,Tommy Hilfiger,TH 1825,35J,ženska,okvirji,,mačja,normalna,sijaj,,0,1,acetat,,,roza,,,,,0,54,16,140
716736363486,Tommy Hilfiger,TH 1826,PJP,ženska,okvirji,,mačja,normalna,sijaj,,0,1,acetat,,,modra,,,,,0,49,17,130
716736355276,Tommy Hilfiger,TH 1828,PJP,moška,okvirji,,oglata,normalna,sijaj,,0,1,acetat,,,modra,,,,,0,54,18,145
716736355290,Tommy Hilfiger,TH 1829,7ZJ,moška,okvirji,,oglata,normalna,sijaj,,0,1,acetat,,,črna,,,,,0,53,16,145
716736375359,Tommy Hilfiger,TH 1830,FLL,moška,okvirji,,oglata,tanka,mat,,0,1,monel,,,modra,,,,,0,55,16,1
716736375342,Tommy Hilfiger,TH 1830,4C3,moška,okvirji,,oglata,tanka,sijaj,,0,1,monel,,,zelena,,,,,0,56,18,145
716736375373,Tommy Hilfiger,TH 1832,003,moška,okvirji,,okrogla,normalna,mat,,0,1,najlon,,,črna,,,,,0,59,14,145
716736375397,Tommy Hilfiger,TH 1832,FLL,moška,okvirji,,okrogla,normalna,mat,,0,1,najlon,,,modra,,,,,0,54,18,145
716736355368,Tommy Hilfiger,TH 1834,003,moška,okvirji,,oglata,normalna,mat,,0,1,najlon,,,črna,,,,,0,53,20,145
716736363141,Tommy Hilfiger,TH 1839,086,ženska,okvirji,,mačja,normalna,sijaj,vzorec,0,1,acetat,,,havana,,,,,0,56,18,145
716736363165,Tommy Hilfiger,TH 1839,8CQ,ženska,okvirji,,mačja,normalna,sijaj,,0,1,acetat,,,roza,,,,,0,52,20,145
716736363172,Tommy Hilfiger,TH 1839,KB7,ženska,okvirji,,mačja,normalna,sijaj,,0,1,acetat,,,siva,,,,,0,52,15,140
716736363325,Tommy Hilfiger,TH 1840,05L,ženska,okvirji,,oglata,normalna,sijaj,vzorec,0,1,acetat,,,havana,,,,,0,54,15,140
716736363349,Tommy Hilfiger,TH 1840,C9A,ženska,okvirji,,oglata,normalna,sijaj,,0,1,acetat,,,rdeča,,,,,0,51,20,150
716736413846,Tommy Hilfiger,TH 1845,PJP,moška,okvirji,,okrogla,normalna,sijaj,,0,1,monel,,,modra,,,,,0,55,19,145
716736413815,Tommy Hilfiger,TH 1845,900,moška,okvirji,,okrogla,normalna,sijaj,,0,1,monel,,,prozorna,,,,,0,58,16,140
716736420646,Tommy Hilfiger,TH 1863,807,ženska,okvirji,,mačja,normalna,sijaj,,0,1,acetat,,,črna,,,,,0,58,18,145
716736420660,Tommy Hilfiger,TH 1864,086,ženska,okvirji,,oglata,normalna,sijaj,vzorec,0,1,acetat,,,havana,,,,,0,58,18,145
716736420707,Tommy Hilfiger,TH 1865,086,ženska,okvirji,,oglata,normalna,sijaj,vzorec,0,1,acetat,,,havana,,,,,0,58,18,145
716736363806,Tommy Hilfiger,TJ 0049,DLD,moška,okvirji,,oglata,tanka,mat,,0,1,monel,,,zelena,,,,,0,51,22,155
716736364025,Tommy Hilfiger,TJ 0051,PJP,unisex,okvirji,,oglata,normalna,sijaj,,0,1,acetat,,,modra,,,,,0,56,18,140
716736364001,Tommy Hilfiger,TJ 0051,C9A,unisex,okvirji,,oglata,normalna,sijaj,,0,1,acetat,,,rdeča,,,,,0,63,12,140
716736364018,Tommy Hilfiger,TJ 0051,KB7,unisex,okvirji,,oglata,normalna,sijaj,,0,1,acetat,,,siva,,,,,0,49,23,145
716736416137,Tommy Hilfiger,TJ 0058,807,unisex,okvirji,,oglata,normalna,sijaj,,0,1,acetat,,,črna,,,,,0,56,15,145
716736427652,Carrera,CARRERA 1043/S,2M2,moška,sončna očala,,oglata,tanka,sijaj,,0,1,monel,,,črna,,,,rjava,0,56,16,145
716736427669,Carrera,CARRERA 1043/S,807,moška,sončna očala,,oglata,tanka,sijaj,,0,1,monel,,,črna,,,,siva,1,56,16,145
716736398167,Carrera,CARRERA 2022T/S,807,otroška,sončna očala,,oglata,normalna,sijaj,,0,0,najlon,,,črna,,,,siva,0,51,20,145
716736422589,Carrera,CARRERA 267/S,2W8,moška,sončna očala,,oglata,normalna,sijaj,vzorec,0,1,acetat,,,siva,,,,rjava,0,60,15,145
716736423180,Carrera,CARRERA 272/S,807,moška,sončna očala,,oglata,normalna,sijaj,,0,1,acetat,,,črna,,,,rjava,1,55,18,140
716736422688,Carrera,CARRERA 8047/S,807,moška,sončna očala,,oglata,normalna,sijaj,,0,1,najlon,,,črna,,,,siva,0,60,15,145
716736422701,Carrera,CARRERA 8047/S,PJP,moška,sončna očala,,oglata,normalna,sijaj,,0,1,najlon,,,modra,,,,modra,0,55,17,145
716736422640,Carrera,CARRERA 8048/S,807,moška,sončna očala,,oglata,normalna,sijaj,,0,1,monel,,,črna,,,,siva,0,60,15,145
716736423401,Carrera,FLAGLAB 11,003,unisex,sončna očala,,oglata,normalna,mat,,0,1,monel,,,črna,,,,siva,0,55,18,140
716736423449,Carrera,FLAGLAB 11,R60,unisex,sončna očala,,oglata,normalna,sijaj,,0,1,monel,,,črna,,,,rjava,0,61,14,140
716736423074,Carrera,GIPSY65,003,unisex,sončna očala,,aviator,tanka,mat,,0,1,monel,,,črna,,,,modra,0,55,17,145
716736423081,Carrera,GIPSY65,807,unisex,sončna očala,,aviator,tanka,sijaj,,0,1,monel,,,črna,,,,siva,1,52,19,140
716736423098,Carrera,GIPSY65,AOZ,unisex,sončna očala,,aviator,tanka,mat,,0,1,monel,,,zlata,,,,rjava,0,52,19,140
716736306742,Carrera,HYPERFIT 16/CS,003,moška,sončna očala,,oglata,normalna,mat,,1,1,najlon,,,črna,,,,rdeča,1,53,15,140
716736336954,David Beckham,DB 1005/S,010,moška,sončna očala,,okrogla,tanka,sijaj,,0,1,monel,,,srebrna,,,,rjava,0,58,18,145
716736257839,David Beckham,DB 1006/S,807,moška,sončna očala,,oglata,normalna,sijaj,,0,1,acetat,,,črna,,,,rjava,0,53,19,140
716736327884,David Beckham,DB 1006/S,0UC,moška,sončna očala,,oglata,normalna,sijaj,vzorec,0,1,acetat,,,havana,,,,zelena,0,51,18,145
716736324357,David Beckham,DB 1034/S,807,moška,sončna očala,,oglata,normalna,sijaj,,0,1,acetat,,,črna,,,,siva,1,54,16,145
716736365534,David Beckham,DB 1045/S,WR9,moška,sončna očala,,oglata,normalna,sijaj,vzorec,0,1,acetat,,,havana,,,,modra,0,58,21,140
716736366074,David Beckham,DB 1046/S,086,moška,sončna očala,,okrogla,normalna,sijaj,vzorec,0,1,acetat,,,havana,,,,zelena,0,56,18,145
716736365015,David Beckham,DB 7000/S,2M2,moška,sončna očala,,oglata,normalna,sijaj,,0,1,acetat,,,črna,,,,siva,0,56,18,140
716736329840,David Beckham,DB 7000/S,EX4,moška,sončna očala,,oglata,normalna,sijaj,vzorec,0,1,acetat,,,rjava,,,,zelena,0,56,17,145
716736326276,David Beckham,DB 7029/S,0UC,moška,sončna očala,,okrogla,normalna,sijaj,vzorec,0,1,acetat,,,havana,,,,modra,0,51,18,145
716736324159,David Beckham,DB 7035/S,CSA,moška,sončna očala,,oglata,normalna,sijaj,,0,1,acetat,,,črna,,,,siva,1,53,19,145
716736365824,David Beckham,DB 7044/S,807,moška,sončna očala,,oglata,normalna,sijaj,,0,1,acetat,,,črna,,,,siva,0,50,22,145
716736052335,Dior,DIORADDICT3,AHF,ženska,sončna očala,,oglata,normalna,sijaj,vzorec,0,1,acetat,,,havana,,,,modra,0,52,18,150
716736132297,Dior,DIORCOLORQUAKE2,1ED,ženska,sončna očala,,oglata,,sijaj,,0,1,monel,,,zelena,,,,zelena,0,51,18,140
716736106878,Dior,DIORHYPNOTIC1,2M2,ženska,sončna očala,,okrogla,normalna,sijaj,,0,1,monel,,,črna,,,,rjava,0,57,17,150
716736109473,Dior,DIORHYPNOTIC1,2IK,ženska,sončna očala,,okrogla,normalna,sijaj,vzorec,0,1,monel,,,havana,,,,vijolična,0,55,17,145
716736106755,Dior,DIORSTRONGER,000,ženska,sončna očala,,aviator,tanka,sijaj,,0,1,monel,,,rose gold,,,,srebrna,0,56,16,145
716736059082,Dior,DIORSYNTHESIS01,2IK,moška,sončna očala,,okrogla,normalna,sijaj,vzorec,0,1,monel,,,havana,,,,zelena,0,48,19,140
716736286655,Fendi,FF 0290/S,VH8,ženska,sončna očala,,mačja,normalna,sijaj,vzorec,0,1,monel,,,havana,,,,rjava,0,54,17,145
716736133607,Fendi,FF M0041/S,807,moška,sončna očala,,okrogla,normalna,sijaj,,0,1,acetat,,,črna,,,,modra,0,56,16,140
716736133560,Fendi,FF M0043/S,3YG,moška,sončna očala,,oglata,tanka,sijaj,,0,1,monel,,,zlata,,,,modra,0,54,16,140
716736196879,Fendi,FF M0060/S,900,moška,sončna očala,,oglata,normalna,sijaj,,0,1,monel,,,prozorna,,,,rjava,0,55,16,145
716736073200,Hugo Boss,BOSS 1003/S,807,moška,sončna očala,,okrogla,normalna,sijaj,,0,1,acetat,,,črna,,,,siva,0,57,17,145
716736178783,Hugo Boss,BOSS 1078/S,SE8,moška,sončna očala,,oglata,normalna,mat,,0,1,acetat,,,siva,,,,modra,0,57,16,145
716736235257,Hugo Boss,BOSS 1128 CL-ON,807,moška,sončna očala,,oglata,normalna,sijaj,,0,1,acetat,,,črna,,,,rjava,0,56,16,145
716736233055,Hugo Boss,BOSS 1148/S,003,moška,sončna očala,,oglata,normalna,mat,,0,1,acetat,,,črna,,,,siva,0,55,17,145
716736240497,Hugo Boss,BOSS 1151/CS,FLL,moška,sončna očala,,oglata,normalna,mat,,1,1,najlon,,,modra,,,,modra,0,55,17,140
716736291543,Hugo Boss,BOSS 1178/S,807,moška,sončna očala,,oglata,normalna,sijaj,,0,1,acetat,,,črna,,,,siva,0,54,17,145
716736348384,Hugo Boss,BOSS 1235/S,807,moška,sončna očala,,oglata,normalna,sijaj,,0,1,monel,,,črna,,,,siva,0,54,16,145
716736361475,Hugo Boss,BOSS 1240/S,R81,moška,sončna očala,,oglata,tanka,mat,,0,1,monel,,,siva,,,,rjava,0,54,17,140
716736371627,Hugo Boss,BOSS 1248/S,003,moška,sončna očala,,oglata,normalna,mat,,0,1,acetat,,,črna,,,,siva,0,59,16,145
716736356976,Hugo Boss,BOSS 1268/S,807,ženska,sončna očala,,oglata,normalna,sijaj,,0,1,acetat,,,črna,,,,siva,0,50,20,145
716736378497,Hugo Boss,BOSS 1296/F/S,003,moška,sončna očala,,aviator,tanka,mat,,0,1,monel,,,črna,,,,siva,0,50,22,145
716736378510,Hugo Boss,BOSS 1296/F/S,R80,moška,sončna očala,,aviator,tanka,mat,,0,1,monel,,,črna,,,,siva,1,50,22,145
716736423975,Hugo Boss,BOSS 1314/S,284,moška,sončna očala,,oglata,normalna,sijaj,,0,1,acetat,,,črna,,,,siva,0,49,24,140
716736415741,Hugo Boss,BOSS 1317/S,284,moška,sončna očala,,oglata,normalna,sijaj,,0,1,acetat,,,črna,,,,siva,0,61,15,135
716736415758,Hugo Boss,BOSS 1317/S,807,moška,sončna očala,,oglata,normalna,sijaj,,0,1,acetat,,,črna,,,,modra,0,54,18,145
716736415727,Hugo Boss,BOSS 1317/S,086,moška,sončna očala,,oglata,normalna,sijaj,vzorec,0,1,acetat,,,havana,,,,siva,0,53,17,145
716736415789,Hugo Boss,BOSS 1318/S,284,moška,sončna očala,,oglata,normalna,sijaj,,0,1,acetat,,,črna,,,,siva,0,56,16,145
716736415772,Hugo Boss,BOSS 1318/S,086,moška,sončna očala,,oglata,normalna,sijaj,vzorec,0,1,acetat,,,havana,,,,siva,0,50,22,145
716736412818,Hugo Boss,BOSS 1325/S,31Z,moška,sončna očala,,oglata,tanka,sijaj,,0,1,monel,,,srebrna,,,,rjava,0,55,17,140
716736412832,Hugo Boss,BOSS 1325/S,J5G,moška,sončna očala,,oglata,tanka,sijaj,,0,1,monel,,,zlata,,,,rjava,0,53,18,145
716736412894,Hugo Boss,BOSS 1326/S,31Z,moška,sončna očala,,aviator,tanka,sijaj,,0,1,monel,,,srebrna,,,,siva,0,50,19,145
716736412924,Hugo Boss,BOSS 1326/S,KJ1,moška,sončna očala,,aviator,normalna,sijaj,,0,1,monel,,,srebrna,,,,siva,0,48,25,145
716736412917,Hugo Boss,BOSS 1326/S,J5G,moška,sončna očala,,aviator,tanka,sijaj,,0,1,monel,,,zlata,,,,rjava,0,56,19,145
716736415833,Hugo Boss,BOSS 1333/S,2M2,ženska,sončna očala,,oglata,tanka,sijaj,,0,1,monel,,,črna,,,,siva,0,52,19,140
716736198705,Hugo Boss,HG 1047/S,LOX,moška,sončna očala,,oglata,normalna,mat,,0,1,acetat,,,modra,,,,oranžna,0,56,18,145
716736246802,Hugo Boss,HG 1068/S,807,moška,sončna očala,,oglata,normalna,sijaj,,0,1,najlon,,,črna,,,,rdeča,0,55,18,145
716736246833,Hugo Boss,HG 1068/S,PJP,moška,sončna očala,,oglata,normalna,sijaj,,0,1,najlon,,,modra,,,,modra,0,55,18,145
716736246635,Hugo Boss,HG 1080/S,807,ženska,sončna očala,,oglata,normalna,sijaj,,0,1,acetat,,,črna,,,,siva,0,55,18,145
716736247083,Hugo Boss,HG 1086/S,003,moška,sončna očala,,oglata,normalna,mat,,0,1,acetat,,,črna,,,,siva,0,55,17,145
716736247090,Hugo Boss,HG 1086/S,BU0,moška,sončna očala,,oglata,normalna,mat,vzorec,0,1,acetat,,,havana,,,,zelena,0,54,17,145
716736297224,Hugo Boss,HG 1099/S,003,moška,sončna očala,,oglata,normalna,mat,,0,1,acetat,,,črna,,,,siva,0,55,14,145
716736297255,Hugo Boss,HG 1099/S,OIT,moška,sončna očala,,oglata,normalna,sijaj,,0,1,acetat,,,črna,,,,rdeča,0,54,16,140
716736297392,Hugo Boss,HG 1100/S,003,moška,sončna očala,,aviator,normalna,mat,,0,1,monel,,,črna,,,,siva,0,55,17,140
716736297408,Hugo Boss,HG 1100/S,R81,moška,sončna očala,,aviator,normalna,mat,,0,1,monel,,,črna,,,,modra,0,56,16,140
716736297262,Hugo Boss,HG 1101/S,003,moška,sončna očala,,oglata,tanka,mat,,0,1,monel,,,črna,,,,siva,0,54,16,140
716736297286,Hugo Boss,HG 1101/S,SVK,moška,sončna očala,,oglata,tanka,mat,,0,1,monel,,,črna,,,,rdeča,0,52,17,145
716736309071,Hugo Boss,HG 1110/CS 02,807,moška,sončna očala,,oglata,normalna,sijaj,,0,1,acetat,,,črna,,,,siva,0,55,19,145
716736309095,Hugo Boss,HG 1111/CS 01,807,ženska,sončna očala,,okrogla,normalna,sijaj,,0,1,acetat,,,črna,,,,siva,0,51,19,145
716736368474,Hugo Boss,HG 1123/S,RZZ,moška,sončna očala,,okrogla,normalna,mat,,0,1,monel,,,črna,,,,siva,0,55,16,145
716736368481,Hugo Boss,HG 1124/S,7C5,moška,sončna očala,,oglata,normalna,sijaj,,0,1,acetat,,,črna,,,,siva,0,99,1,145
716736371931,Hugo Boss,HG 1127/S,086,moška,sončna očala,,okrogla,normalna,sijaj,vzorec,0,1,acetat,,,havana,,,,zelena,0,54,19,145
716736371962,Hugo Boss,HG 1128/S,003,moška,sončna očala,,oglata,normalna,mat,,0,1,acetat,,,črna,,,,siva,0,57,16,140
716736393926,Hugo Boss,HG 1134/S,807,ženska,sončna očala,,oglata,normalna,sijaj,,0,1,acetat,,,črna,,,,siva,0,50,22,145
716736393964,Hugo Boss,HG 1135/S,807,ženska,sončna očala,,oglata,normalna,sijaj,,0,1,acetat,,,črna,,,,siva,0,51,20,145
716736368764,Hugo Boss,HG 1139/S,ZX9,moška,sončna očala,,oglata,normalna,sijaj,,0,1,acetat,,,modra,prozorna,,,siva,0,57,16,145
716736424989,Hugo Boss,HG 1157/S,807,moška,sončna očala,,oglata,normalna,sijaj,,0,1,acetat,,,črna,,,,siva,0,51,21,145
716736425016,Hugo Boss,HG 1157/S,OIT,moška,sončna očala,,oglata,normalna,sijaj,,0,1,acetat,,,črna,,,,rdeča,0,51,21,145
716736424965,Hugo Boss,HG 1157/S,086,moška,sončna očala,,oglata,normalna,sijaj,vzorec,0,1,acetat,,,havana,,,,modra,0,51,21,145
716736424996,Hugo Boss,HG 1157/S,900,moška,sončna očala,,oglata,normalna,sijaj,,0,1,acetat,,,prozorna,,,,modra,0,51,21,145
716736419619,Hugo Boss,HG 1161/S,807,moška,sončna očala,,oglata,normalna,sijaj,,0,1,najlon,,,črna,,,,siva,0,59,16,145
716736419626,Hugo Boss,HG 1161/S,KB7,moška,sončna očala,,oglata,normalna,sijaj,,0,1,najlon,,,siva,,,,siva,0,59,16,145
716736419657,Hugo Boss,HG 1162/S,807,moška,sončna očala,,oglata,normalna,sijaj,,0,1,najlon,,,črna,,,,siva,0,56,18,150
716736425054,Hugo Boss,HG 1166/S,Q5X,moška,sončna očala,,aviator,normalna,sijaj,,0,1,monel,,,rdeča,,,,rdeča,0,56,18,145
716736180007,Jimmy Choo,CIARA/G/S,FP3,ženska,sončna očala,,oglata,debela,sijaj,,0,1,najlon,,,črna,,,,siva,0,55,16,145
716736352237,Jimmy Choo,DANY/S,FT3,ženska,sončna očala,,oglata,normalna,sijaj,dekoracija,0,1,monel,,,siva,,,,siva,0,53,17,145
716736351728,Jimmy Choo,FELINE/S,DDB,ženska,sončna očala,,okrogla,tanka,sijaj,dekoracija,0,1,monel,,,zlata,,,,siva,0,51,18,145
716736351322,Jimmy Choo,JUDY/S,086,ženska,sončna očala,,oglata,normalna,sijaj,vzorec,0,1,acetat,,,havana,,,,rjava,0,55,16,145
716736123394,Jimmy Choo,KIMI/F/S,RHL,ženska,sončna očala,,oglata,tanka,sijaj,,0,1,monel,,,zlata,,,,siva,0,56,18,145
716736411026,Jimmy Choo,LIDIE/F/SK,807,ženska,sončna očala,,mačja,normalna,sijaj,,0,1,acetat,,,črna,,,,siva,0,53,23,145
716736411002,Jimmy Choo,LIDIE/F/SK,086,ženska,sončna očala,,mačja,normalna,sijaj,vzorec,0,1,acetat,,,havana,,,,rjava,0,50,21,145
716736015385,Jimmy Choo,LORY/S,YK9,ženska,sončna očala,,mačja,normalna,sijaj,,0,1,monel,,,prozorna,siva,,,rjava,0,53,16,140
716736353081,Jimmy Choo,SHAY/S,DXF,ženska,sončna očala,,oglata,normalna,mat,vzorec,0,1,acetat,,,črna,,,,siva,0,53,17,145
716736353098,Jimmy Choo,SHAY/S,EPZ,ženska,sončna očala,,oglata,normalna,sijaj,vzorec,0,1,acetat,,,havana,,,,rjava,0,53,17,145
716736422039,Marc Jacobs,MARC 554/S,807,ženska,sončna očala,,okrogla,normalna,sijaj,,0,1,acetat,,,črna,,,,siva,0,62,10,145
716736422015,Marc Jacobs,MARC 554/S,086,ženska,sončna očala,,okrogla,normalna,sijaj,vzorec,0,1,acetat,,,havana,,,,rjava,0,62,10,145
716736071107,Max&Co,MAX&CO.392/S,807,ženska,sončna očala,,okrogla,normalna,sijaj,,0,1,acetat,,,črna,,,,siva,0,48,19,140
716736308838,Missoni,MIS 0026/S,086,ženska,sončna očala,,mačja,normalna,sijaj,,0,1,najlon,,,havana,,,,rjava,0,55,19,145
716736351001,Missoni,MIS 0033/S,KB7,ženska,sončna očala,,okrogla,normalna,sijaj,,0,1,monel,,,siva,,,,siva,0,55,16,145
716736382630,Missoni,MIS 0046/S,S2N,ženska,sončna očala,,oglata,normalna,sijaj,,0,1,acetat,,,prozorna,roza,,,rjava,0,56,17,140
716736381008,Missoni,MIS 0054/CS,DDB,ženska,sončna očala,,mačja,normalna,sijaj,,1,1,monel,,,rose gold,črna,,,siva,0,56,16,145
716736380995,Missoni,MIS 0054/CS,000,ženska,sončna očala,,mačja,normalna,sijaj,,1,1,monel,,,zlata,črna,,,rjava,0,56,18,140
716736426891,Missoni,MIS 0069/S,807,ženska,sončna očala,,oglata,normalna,sijaj,,0,1,acetat,,,črna,,,,siva,0,56,18,140
716736426860,Missoni,MIS 0069/S,086,ženska,sončna očala,,oglata,normalna,sijaj,vzorec,0,1,acetat,,,havana,,,,rjava,0,56,17,145
716736426907,Missoni,MIS 0069/S,I2G,ženska,sončna očala,,oglata,normalna,sijaj,vzorec,0,1,acetat,,,havana,modra,,,rjava,0,55,17,145
716736426747,Missoni,MIS 0074/S,RHL,ženska,sončna očala,,okrogla,tanka,sijaj,dekoracija,0,1,monel,,,zlata,,,,siva,0,58,15,145
716736426785,Missoni,MIS 0075/S,RHL,ženska,sončna očala,,oglata,tanka,sijaj,dekoracija,0,1,monel,,,zlata,,,,siva,0,56,17,145
716736253718,Missoni,MMI 0003/S,807,ženska,sončna očala,,oglata,normalna,sijaj,,0,1,acetat,,,črna,,,,siva,0,49,21,145
716736424774,Missoni,MMI 0069/S,807,ženska,sončna očala,,oglata,normalna,sijaj,,0,1,acetat,,,črna,,,,siva,0,51,21,140
716736424767,Missoni,MMI 0069/S,581,ženska,sončna očala,,oglata,normalna,sijaj,vzorec,0,1,acetat,,,havana,,,,rjava,0,64,10,135
716736424378,Missoni,MMI 0070/S,581,ženska,sončna očala,,oglata,normalna,sijaj,vzorec,0,1,acetat,,,havana,,,,rjava,0,51,22,145
716736424408,Missoni,MMI 0070/S,IWB,ženska,sončna očala,,oglata,normalna,sijaj,,0,1,acetat,,,zelena,,,,zelena,0,51,22,145
716736239682,Moschino,MOL022/S,DDB,ženska,sončna očala,,oglata,tanka,sijaj,,0,1,monel,,,zlata,,,,modra,0,55,17,140
716736366944,Moschino,MOL037/S,DDB,ženska,sončna očala,,okrogla,tanka,sijaj,,0,1,monel,,,zlata,,,,siva,0,54,18,140
716736366968,Moschino,MOL037/S,IJS,ženska,sončna očala,,okrogla,tanka,sijaj,,0,1,monel,,,zlata,,,,rjava,0,58,18,145
716736424538,Moschino,MOL038/S,35J,ženska,sončna očala,,okrogla,tanka,sijaj,,0,1,monel,,,roza,,,,rjava,0,59,22,140
716736367095,Moschino,MOL040/S,807,ženska,sončna očala,,okrogla,normalna,sijaj,,0,1,acetat,,,črna,,,,siva,0,56,23,145
716736367088,Moschino,MOL040/S,665,ženska,sončna očala,,okrogla,normalna,sijaj,,0,1,acetat,,,prozorna,roza,,,vijolična,0,56,23,145
716736424583,Moschino,MOL041/S,807,ženska,sončna očala,,okrogla,normalna,sijaj,,0,1,acetat,,,črna,,,,siva,0,64,10,135
716736424569,Moschino,MOL041/S,086,ženska,sončna očala,,okrogla,normalna,sijaj,vzorec,0,1,acetat,,,havana,,,,rjava,0,59,18,140
716736424507,Moschino,MOL044/S,807,ženska,sončna očala,,oglata,normalna,sijaj,,0,1,acetat,,,črna,,,,siva,0,51,22,145
716736092393,Moschino,MOS018/S,086,ženska,sončna očala,,mačja,normalna,sijaj,vzorec,0,1,acetat,,,havana,,,,rjava,0,51,18,140
716736097916,Moschino,MOS026/F/S,086,ženska,sončna očala,,okrogla,normalna,sijaj,vzorec,0,1,acetat,,,havana,,,,modra,0,51,18,140
716736416380,Moschino,MOS056/S,LHF,ženska,sončna očala,,mačja,normalna,sijaj,,0,1,acetat,,,bordo,,,,roza,0,56,16,145
716736285054,Moschino,MOS083/S,807,ženska,sončna očala,,okrogla,normalna,sijaj,,0,1,acetat,,,črna,,,,siva,0,54,17,145
716736285030,Moschino,MOS083/S,05L,ženska,sončna očala,,okrogla,normalna,sijaj,vzorec,0,1,acetat,,,havana,,,,modra,0,53,19,145
716736086460,Polaroid,PLD 4070/S/X,807,ženska,sončna očala,,oglata,normalna,sijaj,,0,1,najlon,,,črna,,,,siva,0,55,19,145
716736132198,Polaroid,PLD 4076/F/S,086,ženska,sončna očala,,oglata,normalna,sijaj,vzorec,0,1,najlon,,,havana,,,,rjava,1,53,19,145
716736305158,Polaroid,PLD 4096/S/X,XYO,ženska,sončna očala,,oglata,normalna,sijaj,vzorec,0,1,acetat,,,siva,,,,siva,1,51,15,140
716736319520,Polaroid,PLD 4101/F/S,807,ženska,sončna očala,,oglata,normalna,sijaj,,0,1,najlon,,,črna,,,,siva,1,55,17,140
716736019864,Tommy Hilfiger,TH 1556/S,08A,moška,sončna očala,,oglata,normalna,mat,,0,1,najlon,,,črna,,,,siva,0,56,17,145
716736019888,Tommy Hilfiger,TH 1556/S,D51,moška,sončna očala,,oglata,normalna,mat,,0,1,najlon,,,črna,,,,siva,0,54,16,140
716736075396,Tommy Hilfiger,TH 1601/G/S,086,ženska,sončna očala,,oglata,normalna,sijaj,vzorec,0,1,najlon,,,havana,,,,rjava,0,52,16,145
716736178325,Tommy Hilfiger,TH 1648/S,J5G,ženska,sončna očala,,oglata,tanka,sijaj,,0,1,monel,,,zlata,,,,siva,0,55,18,145
716736124308,Tommy Hilfiger,TH 1652/G/S,PJP,moška,sončna očala,,oglata,normalna,sijaj,,0,1,najlon,,,modra,,,,modra,0,56,18,145
716736200507,Tommy Hilfiger,TH 1670/S,807,ženska,sončna očala,,mačja,normalna,sijaj,,0,1,acetat,,,črna,,,,siva,0,54,18,145
716736197685,Tommy Hilfiger,TH 1672/S,R80,moška,sončna očala,,oglata,tanka,mat,,0,1,monel,,,siva,,,,zelena,0,55,16,145
716736193625,Tommy Hilfiger,TH 1675/S,IPQ,moška,sončna očala,,oglata,normalna,mat,,0,1,najlon,,,modra,,,,modra,0,48,21,145
716736193663,Tommy Hilfiger,TH 1679/F/S,8RU,moška,sončna očala,,oglata,normalna,sijaj,,0,1,najlon,,,modra,,,,vijolična,0,55,16,145
716736227900,Tommy Hilfiger,TH 1711/S,01Q,ženska,sončna očala,,okrogla,tanka,sijaj,,0,1,monel,,,zlata,,,,rjava,0,55,18,145
716736227429,Tommy Hilfiger,TH 1712/S,4C3,unisex,sončna očala,,oglata,normalna,sijaj,,0,1,acetat,,,zelena,,,,siva,0,54,15,145
716736227528,Tommy Hilfiger,TH 1713/S,807,unisex,sončna očala,,okrogla,normalna,sijaj,,0,1,acetat,,,črna,,,,modra,0,55,18,145
716736227511,Tommy Hilfiger,TH 1713/S,086,unisex,sončna očala,,okrogla,normalna,sijaj,vzorec,0,1,acetat,,,havana,,,,zelena,0,49,20,145
716736227368,Tommy Hilfiger,TH 1717/S,0JU,moška,sončna očala,,oglata,normalna,sijaj,,0,1,najlon,,,modra,,,,siva,0,57,16,145
716736229508,Tommy Hilfiger,TH 1721/S,O6W,moška,sončna očala,,aviator,,mat,,0,1,najlon,,,črna,,,,siva,0,58,19,145
716736301204,Tommy Hilfiger,TH 1765/S,807,ženska,sončna očala,,oglata,normalna,sijaj,,0,1,acetat,,,črna,,,,siva,0,53,15,145
716736301143,Tommy Hilfiger,TH 1794/S,086,moška,sončna očala,,oglata,normalna,sijaj,vzorec,0,1,acetat,,,havana,,,,rjava,0,53,17,145
716736414065,Tommy Hilfiger,TH 1802/S,FLL,moška,sončna očala,,aviator,normalna,mat,,0,1,najlon,,,modra,,,,siva,0,54,20,145
716736385877,Tommy Hilfiger,TH 1803/CS,003,moška,sončna očala,,oglata,normalna,mat,,0,1,monel,,,črna,,,,siva,1,57,17,145
716736385891,Tommy Hilfiger,TH 1803/CS,VZH,moška,sončna očala,,oglata,normalna,mat,,0,1,monel,,,rjava,,,,rjava,1,57,17,145
716736359861,Tommy Hilfiger,TH 1808/S,J5G,ženska,sončna očala,,aviator,tanka,sijaj,,0,1,monel,,,zlata,,,,rjava,0,54,17,140
716736416854,Tommy Hilfiger,TH 1862/S,807,ženska,sončna očala,,oglata,normalna,sijaj,,0,1,acetat,,,črna,,,,siva,0,51,21,145
716736313771,Tommy Hilfiger,TJ 0026/S,9ZD,ženska,sončna očala,,mačja,normalna,mat,,0,1,najlon,,,rdeča,,,,siva,0,55,17,140
716736304984,Tommy Hilfiger,TJ 0030/S,7BL,unisex,sončna očala,,okrogla,tanka,mat,,0,1,monel,,,rdeča,,,,modra,0,51,15,140
716736414799,Tommy Hilfiger,TJ 0057/S,35J,unisex,sončna očala,,okrogla,normalna,sijaj,,0,1,acetat,,,roza,,,,rjava,0,55,17,140
